{"cameraMode":{"drawMode":0,"name":"Shaded","section":"Shading Mode"},"sceneLighting":true,"audioPlay":false,"sceneViewState":{"m_AlwaysRefresh":false,"showFog":true,"showSkybox":true,"showFlares":true,"showImageEffects":true,"showParticleSystems":true,"showVisualEffectGraphs":true,"m_FxEnabled":true},"in2DMode":false,"pivot":{"x":56.2093505859375,"y":-0.12862518429756165,"z":-9.837228775024414},"rotation":{"x":-0.08271583169698715,"y":-0.006883479654788971,"z":0.0006027586641721427,"w":-0.9965782165527344},"size":0.34346792101860049,"orthographic":false}